file,list,nev,beam_GeV,pid,target,spline,GB
genie/v2ndfull_mu_n_job_1/events.gst.root,EM,125000,1000,13,1000000010,genie/splines/faser/13_n_em_e8000.xml,0.15
genie/v2ndfull_mu_n_job_2/events.gst.root,EM,125000,1000,13,1000000010,genie/splines/faser/13_n_em_e8000.xml,0.15
genie/v2ndfull_mu_n_job_3/events.gst.root,EM,125000,1000,13,1000000010,genie/splines/faser/13_n_em_e8000.xml,0.15
genie/v2ndfull_mu_n_job_4/events.gst.root,EM,125000,1000,13,1000000010,genie/splines/faser/13_n_em_e8000.xml,0.15
genie/v2ndfull_mu_n_job_400GeV_1/events.gst.root,EM,125000,400,13,1000000010,genie/splines/faser/13_n_em_e8000.xml,0.13
genie/v2ndfull_mu_n_job_400GeV_2/events.gst.root,EM,125000,400,13,1000000010,genie/splines/faser/13_n_em_e8000.xml,0.13
genie/v2ndfull_mu_n_job_400GeV_3/events.gst.root,EM,125000,400,13,1000000010,genie/splines/faser/13_n_em_e8000.xml,0.13
genie/v2ndfull_mu_n_job_400GeV_4/events.gst.root,EM,125000,400,13,1000000010,genie/splines/faser/13_n_em_e8000.xml,0.13
genie/v2ndfull_mu_n_job_400GeV_5/events.gst.root,EM,125000,400,13,1000000010,genie/splines/faser/13_n_em_e8000.xml,0.13
genie/v2ndfull_mu_n_job_400GeV_6/events.gst.root,EM,125000,400,13,1000000010,genie/splines/faser/13_n_em_e8000.xml,0.13
genie/v2ndfull_mu_n_job_400GeV_7/events.gst.root,EM,125000,400,13,1000000010,genie/splines/faser/13_n_em_e8000.xml,0.13
genie/v2ndfull_mu_n_job_400GeV_8/events.gst.root,EM,125000,400,13,1000000010,genie/splines/faser/13_n_em_e8000.xml,0.13
genie/v2ndfull_mu_n_job_5/events.gst.root,EM,125000,1000,13,1000000010,genie/splines/faser/13_n_em_e8000.xml,0.15
genie/v2ndfull_mu_n_job_6/events.gst.root,EM,125000,1000,13,1000000010,genie/splines/faser/13_n_em_e8000.xml,0.15
genie/v2ndfull_mu_n_job_7/events.gst.root,EM,125000,1000,13,1000000010,genie/splines/faser/13_n_em_e8000.xml,0.15
genie/v2ndfull_mu_n_job_8/events.gst.root,EM,125000,1000,13,1000000010,genie/splines/faser/13_n_em_e8000.xml,0.15
genie/v2ndfull_mu_p_job_1/events.gst.root,EM,125000,1000,13,1000010010,genie/splines/faser/13_p_em_e8000.xml,0.14
genie/v2ndfull_mu_p_job_2/events.gst.root,EM,125000,1000,13,1000010010,genie/splines/faser/13_p_em_e8000.xml,0.14
genie/v2ndfull_mu_p_job_3/events.gst.root,EM,125000,1000,13,1000010010,genie/splines/faser/13_p_em_e8000.xml,0.14
genie/v2ndfull_mu_p_job_4/events.gst.root,EM,125000,1000,13,1000010010,genie/splines/faser/13_p_em_e8000.xml,0.14
genie/v2ndfull_mu_p_job_400GeV_1/events.gst.root,EM,125000,400,13,1000010010,genie/splines/faser/13_p_em_e8000.xml,0.13
genie/v2ndfull_mu_p_job_400GeV_2/events.gst.root,EM,125000,400,13,1000010010,genie/splines/faser/13_p_em_e8000.xml,0.13
genie/v2ndfull_mu_p_job_400GeV_3/events.gst.root,EM,125000,400,13,1000010010,genie/splines/faser/13_p_em_e8000.xml,0.13
genie/v2ndfull_mu_p_job_400GeV_4/events.gst.root,EM,125000,400,13,1000010010,genie/splines/faser/13_p_em_e8000.xml,0.13
genie/v2ndfull_mu_p_job_400GeV_5/events.gst.root,EM,125000,400,13,1000010010,genie/splines/faser/13_p_em_e8000.xml,0.13
genie/v2ndfull_mu_p_job_400GeV_6/events.gst.root,EM,125000,400,13,1000010010,genie/splines/faser/13_p_em_e8000.xml,0.13
genie/v2ndfull_mu_p_job_400GeV_7/events.gst.root,EM,125000,400,13,1000010010,genie/splines/faser/13_p_em_e8000.xml,0.13
genie/v2ndfull_mu_p_job_400GeV_8/events.gst.root,EM,125000,400,13,1000010010,genie/splines/faser/13_p_em_e8000.xml,0.13
genie/v2ndfull_mu_p_job_5/events.gst.root,EM,125000,1000,13,1000010010,genie/splines/faser/13_p_em_e8000.xml,0.14
genie/v2ndfull_mu_p_job_6/events.gst.root,EM,125000,1000,13,1000010010,genie/splines/faser/13_p_em_e8000.xml,0.14
genie/v2ndfull_mu_p_job_7/events.gst.root,EM,125000,1000,13,1000010010,genie/splines/faser/13_p_em_e8000.xml,0.14
genie/v2ndfull_mu_p_job_8/events.gst.root,EM,125000,1000,13,1000010010,genie/splines/faser/13_p_em_e8000.xml,0.14
genie/v2ndfull_nu_n_job_1/events.gst.root,CC,125000,1000,14,1000000010,genie/splines/faser/14_n_cc_e8000.xml,0.17
genie/v2ndfull_nu_n_job_2/events.gst.root,CC,125000,1000,14,1000000010,genie/splines/faser/14_n_cc_e8000.xml,0.17
genie/v2ndfull_nu_n_job_3/events.gst.root,CC,125000,1000,14,1000000010,genie/splines/faser/14_n_cc_e8000.xml,0.17
genie/v2ndfull_nu_n_job_4/events.gst.root,CC,125000,1000,14,1000000010,genie/splines/faser/14_n_cc_e8000.xml,0.17
genie/v2ndfull_nu_n_job_400GeV_1/events.gst.root,CC,125000,400,14,1000000010,genie/splines/faser/14_n_cc_e8000.xml,0.15
genie/v2ndfull_nu_n_job_400GeV_2/events.gst.root,CC,125000,400,14,1000000010,genie/splines/faser/14_n_cc_e8000.xml,0.15
genie/v2ndfull_nu_n_job_400GeV_3/events.gst.root,CC,125000,400,14,1000000010,genie/splines/faser/14_n_cc_e8000.xml,0.15
genie/v2ndfull_nu_n_job_400GeV_4/events.gst.root,CC,125000,400,14,1000000010,genie/splines/faser/14_n_cc_e8000.xml,0.15
genie/v2ndfull_nu_n_job_400GeV_5/events.gst.root,CC,125000,400,14,1000000010,genie/splines/faser/14_n_cc_e8000.xml,0.15
genie/v2ndfull_nu_n_job_400GeV_6/events.gst.root,CC,125000,400,14,1000000010,genie/splines/faser/14_n_cc_e8000.xml,0.15
genie/v2ndfull_nu_n_job_400GeV_7/events.gst.root,CC,125000,400,14,1000000010,genie/splines/faser/14_n_cc_e8000.xml,0.15
genie/v2ndfull_nu_n_job_400GeV_8/events.gst.root,CC,125000,400,14,1000000010,genie/splines/faser/14_n_cc_e8000.xml,0.15
genie/v2ndfull_nu_n_job_5/events.gst.root,CC,125000,1000,14,1000000010,genie/splines/faser/14_n_cc_e8000.xml,0.17
genie/v2ndfull_nu_n_job_6/events.gst.root,CC,125000,1000,14,1000000010,genie/splines/faser/14_n_cc_e8000.xml,0.17
genie/v2ndfull_nu_n_job_7/events.gst.root,CC,125000,1000,14,1000000010,genie/splines/faser/14_n_cc_e8000.xml,0.17
genie/v2ndfull_nu_n_job_8/events.gst.root,CC,125000,1000,14,1000000010,genie/splines/faser/14_n_cc_e8000.xml,0.17
genie/v2ndfull_nu_p_job_1/events.gst.root,CC,125000,1000,14,1000010010,genie/splines/faser/14_p_cc_e8000.xml,0.17
genie/v2ndfull_nu_p_job_2/events.gst.root,CC,125000,1000,14,1000010010,genie/splines/faser/14_p_cc_e8000.xml,0.17
genie/v2ndfull_nu_p_job_3/events.gst.root,CC,125000,1000,14,1000010010,genie/splines/faser/14_p_cc_e8000.xml,0.17
genie/v2ndfull_nu_p_job_4/events.gst.root,CC,125000,1000,14,1000010010,genie/splines/faser/14_p_cc_e8000.xml,0.17
genie/v2ndfull_nu_p_job_400GeV_1/events.gst.root,CC,125000,400,14,1000010010,genie/splines/faser/14_p_cc_e8000.xml,0.15
genie/v2ndfull_nu_p_job_400GeV_2/events.gst.root,CC,125000,400,14,1000010010,genie/splines/faser/14_p_cc_e8000.xml,0.15
genie/v2ndfull_nu_p_job_400GeV_3/events.gst.root,CC,125000,400,14,1000010010,genie/splines/faser/14_p_cc_e8000.xml,0.15
genie/v2ndfull_nu_p_job_400GeV_4/events.gst.root,CC,125000,400,14,1000010010,genie/splines/faser/14_p_cc_e8000.xml,0.15
genie/v2ndfull_nu_p_job_400GeV_5/events.gst.root,CC,125000,400,14,1000010010,genie/splines/faser/14_p_cc_e8000.xml,0.15
genie/v2ndfull_nu_p_job_400GeV_6/events.gst.root,CC,125000,400,14,1000010010,genie/splines/faser/14_p_cc_e8000.xml,0.15
genie/v2ndfull_nu_p_job_400GeV_7/events.gst.root,CC,125000,400,14,1000010010,genie/splines/faser/14_p_cc_e8000.xml,0.15
genie/v2ndfull_nu_p_job_400GeV_8/events.gst.root,CC,125000,400,14,1000010010,genie/splines/faser/14_p_cc_e8000.xml,0.15
genie/v2ndfull_nu_p_job_5/events.gst.root,CC,125000,1000,14,1000010010,genie/splines/faser/14_p_cc_e8000.xml,0.17
genie/v2ndfull_nu_p_job_6/events.gst.root,CC,125000,1000,14,1000010010,genie/splines/faser/14_p_cc_e8000.xml,0.17
genie/v2ndfull_nu_p_job_7/events.gst.root,CC,125000,1000,14,1000010010,genie/splines/faser/14_p_cc_e8000.xml,0.17
genie/v2ndfull_nu_p_job_8/events.gst.root,CC,125000,1000,14,1000010010,genie/splines/faser/14_p_cc_e8000.xml,0.17
genie/v2ndonly_mu_n_job_1/events.gst.root,EMNONDIS,25000,1000,13,1000000010,genie/splines/faser/13_n_em_e8000.xml,0.01
genie/v2ndonly_mu_n_job_2/events.gst.root,EMNONDIS,25000,1000,13,1000000010,genie/splines/faser/13_n_em_e8000.xml,0.01
genie/v2ndonly_mu_n_job_3/events.gst.root,EMNONDIS,25000,1000,13,1000000010,genie/splines/faser/13_n_em_e8000.xml,0.01
genie/v2ndonly_mu_n_job_4/events.gst.root,EMNONDIS,25000,1000,13,1000000010,genie/splines/faser/13_n_em_e8000.xml,0.01
genie/v2ndonly_mu_n_job_400GeV_1/events.gst.root,EMNONDIS,25000,400,13,1000000010,genie/splines/faser/13_n_em_e8000.xml,0.01
genie/v2ndonly_mu_n_job_400GeV_2/events.gst.root,EMNONDIS,25000,400,13,1000000010,genie/splines/faser/13_n_em_e8000.xml,0.01
genie/v2ndonly_mu_n_job_400GeV_3/events.gst.root,EMNONDIS,25000,400,13,1000000010,genie/splines/faser/13_n_em_e8000.xml,0.01
genie/v2ndonly_mu_n_job_400GeV_4/events.gst.root,EMNONDIS,25000,400,13,1000000010,genie/splines/faser/13_n_em_e8000.xml,0.01
genie/v2ndonly_mu_n_job_400GeV_5/events.gst.root,EMNONDIS,25000,400,13,1000000010,genie/splines/faser/13_n_em_e8000.xml,0.01
genie/v2ndonly_mu_n_job_400GeV_6/events.gst.root,EMNONDIS,25000,400,13,1000000010,genie/splines/faser/13_n_em_e8000.xml,0.01
genie/v2ndonly_mu_n_job_400GeV_7/events.gst.root,EMNONDIS,25000,400,13,1000000010,genie/splines/faser/13_n_em_e8000.xml,0.01
genie/v2ndonly_mu_n_job_400GeV_8/events.gst.root,EMNONDIS,25000,400,13,1000000010,genie/splines/faser/13_n_em_e8000.xml,0.01
genie/v2ndonly_mu_n_job_5/events.gst.root,EMNONDIS,25000,1000,13,1000000010,genie/splines/faser/13_n_em_e8000.xml,0.01
genie/v2ndonly_mu_n_job_6/events.gst.root,EMNONDIS,25000,1000,13,1000000010,genie/splines/faser/13_n_em_e8000.xml,0.01
genie/v2ndonly_mu_n_job_7/events.gst.root,EMNONDIS,25000,1000,13,1000000010,genie/splines/faser/13_n_em_e8000.xml,0.01
genie/v2ndonly_mu_n_job_8/events.gst.root,EMNONDIS,25000,1000,13,1000000010,genie/splines/faser/13_n_em_e8000.xml,0.01
genie/v2ndonly_mu_p_job_1/events.gst.root,EMNONDIS,25000,1000,13,1000010010,genie/splines/faser/13_p_em_e8000.xml,0.01
genie/v2ndonly_mu_p_job_2/events.gst.root,EMNONDIS,25000,1000,13,1000010010,genie/splines/faser/13_p_em_e8000.xml,0.01
genie/v2ndonly_mu_p_job_3/events.gst.root,EMNONDIS,25000,1000,13,1000010010,genie/splines/faser/13_p_em_e8000.xml,0.01
genie/v2ndonly_mu_p_job_4/events.gst.root,EMNONDIS,25000,1000,13,1000010010,genie/splines/faser/13_p_em_e8000.xml,0.01
genie/v2ndonly_mu_p_job_400GeV_1/events.gst.root,EMNONDIS,25000,400,13,1000010010,genie/splines/faser/13_p_em_e8000.xml,0.01
genie/v2ndonly_mu_p_job_400GeV_2/events.gst.root,EMNONDIS,25000,400,13,1000010010,genie/splines/faser/13_p_em_e8000.xml,0.01
genie/v2ndonly_mu_p_job_400GeV_3/events.gst.root,EMNONDIS,25000,400,13,1000010010,genie/splines/faser/13_p_em_e8000.xml,0.01
genie/v2ndonly_mu_p_job_400GeV_4/events.gst.root,EMNONDIS,25000,400,13,1000010010,genie/splines/faser/13_p_em_e8000.xml,0.01
genie/v2ndonly_mu_p_job_400GeV_5/events.gst.root,EMNONDIS,25000,400,13,1000010010,genie/splines/faser/13_p_em_e8000.xml,0.01
genie/v2ndonly_mu_p_job_400GeV_6/events.gst.root,EMNONDIS,25000,400,13,1000010010,genie/splines/faser/13_p_em_e8000.xml,0.01
genie/v2ndonly_mu_p_job_400GeV_7/events.gst.root,EMNONDIS,25000,400,13,1000010010,genie/splines/faser/13_p_em_e8000.xml,0.01
genie/v2ndonly_mu_p_job_400GeV_8/events.gst.root,EMNONDIS,25000,400,13,1000010010,genie/splines/faser/13_p_em_e8000.xml,0.01
genie/v2ndonly_mu_p_job_5/events.gst.root,EMNONDIS,25000,1000,13,1000010010,genie/splines/faser/13_p_em_e8000.xml,0.01
genie/v2ndonly_mu_p_job_6/events.gst.root,EMNONDIS,25000,1000,13,1000010010,genie/splines/faser/13_p_em_e8000.xml,0.01
genie/v2ndonly_mu_p_job_7/events.gst.root,EMNONDIS,25000,1000,13,1000010010,genie/splines/faser/13_p_em_e8000.xml,0.01
genie/v2ndonly_mu_p_job_8/events.gst.root,EMNONDIS,25000,1000,13,1000010010,genie/splines/faser/13_p_em_e8000.xml,0.01
genie/v2ndonly_nu_n_job_1/events.gst.root,CCNONDIS,25000,1000,14,1000000010,genie/splines/faser/14_n_cc_e8000.xml,0.01
genie/v2ndonly_nu_n_job_2/events.gst.root,CCNONDIS,25000,1000,14,1000000010,genie/splines/faser/14_n_cc_e8000.xml,0.01
genie/v2ndonly_nu_n_job_3/events.gst.root,CCNONDIS,25000,1000,14,1000000010,genie/splines/faser/14_n_cc_e8000.xml,0.01
genie/v2ndonly_nu_n_job_4/events.gst.root,CCNONDIS,25000,1000,14,1000000010,genie/splines/faser/14_n_cc_e8000.xml,0.01
genie/v2ndonly_nu_n_job_400GeV_1/events.gst.root,CCNONDIS,25000,400,14,1000000010,genie/splines/faser/14_n_cc_e8000.xml,0.01
genie/v2ndonly_nu_n_job_400GeV_2/events.gst.root,CCNONDIS,25000,400,14,1000000010,genie/splines/faser/14_n_cc_e8000.xml,0.01
genie/v2ndonly_nu_n_job_400GeV_3/events.gst.root,CCNONDIS,25000,400,14,1000000010,genie/splines/faser/14_n_cc_e8000.xml,0.01
genie/v2ndonly_nu_n_job_400GeV_4/events.gst.root,CCNONDIS,25000,400,14,1000000010,genie/splines/faser/14_n_cc_e8000.xml,0.01
genie/v2ndonly_nu_n_job_400GeV_5/events.gst.root,CCNONDIS,25000,400,14,1000000010,genie/splines/faser/14_n_cc_e8000.xml,0.01
genie/v2ndonly_nu_n_job_400GeV_6/events.gst.root,CCNONDIS,25000,400,14,1000000010,genie/splines/faser/14_n_cc_e8000.xml,0.01
genie/v2ndonly_nu_n_job_400GeV_7/events.gst.root,CCNONDIS,25000,400,14,1000000010,genie/splines/faser/14_n_cc_e8000.xml,0.01
genie/v2ndonly_nu_n_job_400GeV_8/events.gst.root,CCNONDIS,25000,400,14,1000000010,genie/splines/faser/14_n_cc_e8000.xml,0.01
genie/v2ndonly_nu_n_job_5/events.gst.root,CCNONDIS,25000,1000,14,1000000010,genie/splines/faser/14_n_cc_e8000.xml,0.01
genie/v2ndonly_nu_n_job_6/events.gst.root,CCNONDIS,25000,1000,14,1000000010,genie/splines/faser/14_n_cc_e8000.xml,0.01
genie/v2ndonly_nu_n_job_7/events.gst.root,CCNONDIS,25000,1000,14,1000000010,genie/splines/faser/14_n_cc_e8000.xml,0.01
genie/v2ndonly_nu_n_job_8/events.gst.root,CCNONDIS,25000,1000,14,1000000010,genie/splines/faser/14_n_cc_e8000.xml,0.01
genie/v2ndonly_nu_p_job_1/events.gst.root,CCNONDIS,25000,1000,14,1000010010,genie/splines/faser/14_p_cc_e8000.xml,0.01
genie/v2ndonly_nu_p_job_2/events.gst.root,CCNONDIS,25000,1000,14,1000010010,genie/splines/faser/14_p_cc_e8000.xml,0.01
genie/v2ndonly_nu_p_job_3/events.gst.root,CCNONDIS,25000,1000,14,1000010010,genie/splines/faser/14_p_cc_e8000.xml,0.01
genie/v2ndonly_nu_p_job_4/events.gst.root,CCNONDIS,25000,1000,14,1000010010,genie/splines/faser/14_p_cc_e8000.xml,0.01
genie/v2ndonly_nu_p_job_400GeV_1/events.gst.root,CCNONDIS,25000,400,14,1000010010,genie/splines/faser/14_p_cc_e8000.xml,0.01
genie/v2ndonly_nu_p_job_400GeV_2/events.gst.root,CCNONDIS,25000,400,14,1000010010,genie/splines/faser/14_p_cc_e8000.xml,0.01
genie/v2ndonly_nu_p_job_400GeV_3/events.gst.root,CCNONDIS,25000,400,14,1000010010,genie/splines/faser/14_p_cc_e8000.xml,0.01
genie/v2ndonly_nu_p_job_400GeV_4/events.gst.root,CCNONDIS,25000,400,14,1000010010,genie/splines/faser/14_p_cc_e8000.xml,0.01
genie/v2ndonly_nu_p_job_400GeV_5/events.gst.root,CCNONDIS,25000,400,14,1000010010,genie/splines/faser/14_p_cc_e8000.xml,0.01
genie/v2ndonly_nu_p_job_400GeV_6/events.gst.root,CCNONDIS,25000,400,14,1000010010,genie/splines/faser/14_p_cc_e8000.xml,0.01
genie/v2ndonly_nu_p_job_400GeV_7/events.gst.root,CCNONDIS,25000,400,14,1000010010,genie/splines/faser/14_p_cc_e8000.xml,0.01
genie/v2ndonly_nu_p_job_400GeV_8/events.gst.root,CCNONDIS,25000,400,14,1000010010,genie/splines/faser/14_p_cc_e8000.xml,0.01
genie/v2ndonly_nu_p_job_5/events.gst.root,CCNONDIS,25000,1000,14,1000010010,genie/splines/faser/14_p_cc_e8000.xml,0.01
genie/v2ndonly_nu_p_job_6/events.gst.root,CCNONDIS,25000,1000,14,1000010010,genie/splines/faser/14_p_cc_e8000.xml,0.01
genie/v2ndonly_nu_p_job_7/events.gst.root,CCNONDIS,25000,1000,14,1000010010,genie/splines/faser/14_p_cc_e8000.xml,0.01
genie/v2ndonly_nu_p_job_8/events.gst.root,CCNONDIS,25000,1000,14,1000010010,genie/splines/faser/14_p_cc_e8000.xml,0.01
genie/v2ndfull_mu_n_job_100GeV_1/events.gst.root,EM,125000,100,13,1000000010,genie/splines/faser/13_n_em_e8000.xml,0.11
genie/v2ndfull_mu_n_job_100GeV_2/events.gst.root,EM,125000,100,13,1000000010,genie/splines/faser/13_n_em_e8000.xml,0.11
genie/v2ndfull_mu_n_job_100GeV_3/events.gst.root,EM,125000,100,13,1000000010,genie/splines/faser/13_n_em_e8000.xml,0.11
genie/v2ndfull_mu_n_job_100GeV_4/events.gst.root,EM,125000,100,13,1000000010,genie/splines/faser/13_n_em_e8000.xml,0.11
genie/v2ndfull_mu_n_job_100GeV_5/events.gst.root,EM,125000,100,13,1000000010,genie/splines/faser/13_n_em_e8000.xml,0.11
genie/v2ndfull_mu_n_job_100GeV_6/events.gst.root,EM,125000,100,13,1000000010,genie/splines/faser/13_n_em_e8000.xml,0.11
genie/v2ndfull_mu_n_job_100GeV_7/events.gst.root,EM,125000,100,13,1000000010,genie/splines/faser/13_n_em_e8000.xml,0.11
genie/v2ndfull_mu_n_job_100GeV_8/events.gst.root,EM,125000,100,13,1000000010,genie/splines/faser/13_n_em_e8000.xml,0.11
genie/v2ndfull_mu_p_job_100GeV_1/events.gst.root,EM,125000,100,13,1000010010,genie/splines/faser/13_p_em_e8000.xml,0.11
genie/v2ndfull_mu_p_job_100GeV_2/events.gst.root,EM,125000,100,13,1000010010,genie/splines/faser/13_p_em_e8000.xml,0.11
genie/v2ndfull_mu_p_job_100GeV_3/events.gst.root,EM,125000,100,13,1000010010,genie/splines/faser/13_p_em_e8000.xml,0.11
genie/v2ndfull_mu_p_job_100GeV_4/events.gst.root,EM,125000,100,13,1000010010,genie/splines/faser/13_p_em_e8000.xml,0.11
genie/v2ndfull_mu_p_job_100GeV_5/events.gst.root,EM,125000,100,13,1000010010,genie/splines/faser/13_p_em_e8000.xml,0.11
genie/v2ndfull_mu_p_job_100GeV_6/events.gst.root,EM,125000,100,13,1000010010,genie/splines/faser/13_p_em_e8000.xml,0.11
genie/v2ndfull_mu_p_job_100GeV_7/events.gst.root,EM,125000,100,13,1000010010,genie/splines/faser/13_p_em_e8000.xml,0.11
genie/v2ndfull_mu_p_job_100GeV_8/events.gst.root,EM,125000,100,13,1000010010,genie/splines/faser/13_p_em_e8000.xml,0.11
genie/v2ndfull_nu_n_job_100GeV_1/events.gst.root,CC,125000,100,14,1000000010,genie/splines/faser/14_n_cc_e8000.xml,0.12
genie/v2ndfull_nu_n_job_100GeV_2/events.gst.root,CC,125000,100,14,1000000010,genie/splines/faser/14_n_cc_e8000.xml,0.12
genie/v2ndfull_nu_n_job_100GeV_3/events.gst.root,CC,125000,100,14,1000000010,genie/splines/faser/14_n_cc_e8000.xml,0.12
genie/v2ndfull_nu_n_job_100GeV_4/events.gst.root,CC,125000,100,14,1000000010,genie/splines/faser/14_n_cc_e8000.xml,0.12
genie/v2ndfull_nu_n_job_100GeV_5/events.gst.root,CC,125000,100,14,1000000010,genie/splines/faser/14_n_cc_e8000.xml,0.12
genie/v2ndfull_nu_n_job_100GeV_6/events.gst.root,CC,125000,100,14,1000000010,genie/splines/faser/14_n_cc_e8000.xml,0.12
genie/v2ndfull_nu_n_job_100GeV_7/events.gst.root,CC,125000,100,14,1000000010,genie/splines/faser/14_n_cc_e8000.xml,0.12
genie/v2ndfull_nu_n_job_100GeV_8/events.gst.root,CC,125000,100,14,1000000010,genie/splines/faser/14_n_cc_e8000.xml,0.12
genie/v2ndfull_nu_p_job_100GeV_1/events.gst.root,CC,125000,100,14,1000010010,genie/splines/faser/14_p_cc_e8000.xml,0.12
genie/v2ndfull_nu_p_job_100GeV_2/events.gst.root,CC,125000,100,14,1000010010,genie/splines/faser/14_p_cc_e8000.xml,0.12
genie/v2ndfull_nu_p_job_100GeV_3/events.gst.root,CC,125000,100,14,1000010010,genie/splines/faser/14_p_cc_e8000.xml,0.12
genie/v2ndfull_nu_p_job_100GeV_4/events.gst.root,CC,125000,100,14,1000010010,genie/splines/faser/14_p_cc_e8000.xml,0.12
genie/v2ndfull_nu_p_job_100GeV_5/events.gst.root,CC,125000,100,14,1000010010,genie/splines/faser/14_p_cc_e8000.xml,0.12
genie/v2ndfull_nu_p_job_100GeV_6/events.gst.root,CC,125000,100,14,1000010010,genie/splines/faser/14_p_cc_e8000.xml,0.12
genie/v2ndfull_nu_p_job_100GeV_7/events.gst.root,CC,125000,100,14,1000010010,genie/splines/faser/14_p_cc_e8000.xml,0.12
genie/v2ndfull_nu_p_job_100GeV_8/events.gst.root,CC,125000,100,14,1000010010,genie/splines/faser/14_p_cc_e8000.xml,0.12
genie/v2ndonly_mu_n_job_100GeV_1/events.gst.root,EMNONDIS,25000,100,13,1000000010,genie/splines/faser/13_n_em_e8000.xml,0.01
genie/v2ndonly_mu_n_job_100GeV_2/events.gst.root,EMNONDIS,25000,100,13,1000000010,genie/splines/faser/13_n_em_e8000.xml,0.01
genie/v2ndonly_mu_n_job_100GeV_3/events.gst.root,EMNONDIS,25000,100,13,1000000010,genie/splines/faser/13_n_em_e8000.xml,0.01
genie/v2ndonly_mu_n_job_100GeV_4/events.gst.root,EMNONDIS,25000,100,13,1000000010,genie/splines/faser/13_n_em_e8000.xml,0.01
genie/v2ndonly_mu_n_job_100GeV_5/events.gst.root,EMNONDIS,25000,100,13,1000000010,genie/splines/faser/13_n_em_e8000.xml,0.01
genie/v2ndonly_mu_n_job_100GeV_6/events.gst.root,EMNONDIS,25000,100,13,1000000010,genie/splines/faser/13_n_em_e8000.xml,0.01
genie/v2ndonly_mu_n_job_100GeV_7/events.gst.root,EMNONDIS,25000,100,13,1000000010,genie/splines/faser/13_n_em_e8000.xml,0.01
genie/v2ndonly_mu_n_job_100GeV_8/events.gst.root,EMNONDIS,25000,100,13,1000000010,genie/splines/faser/13_n_em_e8000.xml,0.01
genie/v2ndonly_mu_p_job_100GeV_1/events.gst.root,EMNONDIS,25000,100,13,1000010010,genie/splines/faser/13_p_em_e8000.xml,0.01
genie/v2ndonly_mu_p_job_100GeV_2/events.gst.root,EMNONDIS,25000,100,13,1000010010,genie/splines/faser/13_p_em_e8000.xml,0.01
genie/v2ndonly_mu_p_job_100GeV_3/events.gst.root,EMNONDIS,25000,100,13,1000010010,genie/splines/faser/13_p_em_e8000.xml,0.01
genie/v2ndonly_mu_p_job_100GeV_4/events.gst.root,EMNONDIS,25000,100,13,1000010010,genie/splines/faser/13_p_em_e8000.xml,0.01
genie/v2ndonly_mu_p_job_100GeV_5/events.gst.root,EMNONDIS,25000,100,13,1000010010,genie/splines/faser/13_p_em_e8000.xml,0.01
genie/v2ndonly_mu_p_job_100GeV_6/events.gst.root,EMNONDIS,25000,100,13,1000010010,genie/splines/faser/13_p_em_e8000.xml,0.01
genie/v2ndonly_mu_p_job_100GeV_7/events.gst.root,EMNONDIS,25000,100,13,1000010010,genie/splines/faser/13_p_em_e8000.xml,0.01
genie/v2ndonly_mu_p_job_100GeV_8/events.gst.root,EMNONDIS,25000,100,13,1000010010,genie/splines/faser/13_p_em_e8000.xml,0.01
genie/v2ndonly_nu_n_job_100GeV_1/events.gst.root,CCNONDIS,25000,100,14,1000000010,genie/splines/faser/14_n_cc_e8000.xml,0.01
genie/v2ndonly_nu_n_job_100GeV_2/events.gst.root,CCNONDIS,25000,100,14,1000000010,genie/splines/faser/14_n_cc_e8000.xml,0.01
genie/v2ndonly_nu_n_job_100GeV_3/events.gst.root,CCNONDIS,25000,100,14,1000000010,genie/splines/faser/14_n_cc_e8000.xml,0.01
genie/v2ndonly_nu_n_job_100GeV_4/events.gst.root,CCNONDIS,25000,100,14,1000000010,genie/splines/faser/14_n_cc_e8000.xml,0.01
genie/v2ndonly_nu_n_job_100GeV_5/events.gst.root,CCNONDIS,25000,100,14,1000000010,genie/splines/faser/14_n_cc_e8000.xml,0.01
genie/v2ndonly_nu_n_job_100GeV_6/events.gst.root,CCNONDIS,25000,100,14,1000000010,genie/splines/faser/14_n_cc_e8000.xml,0.01
genie/v2ndonly_nu_n_job_100GeV_7/events.gst.root,CCNONDIS,25000,100,14,1000000010,genie/splines/faser/14_n_cc_e8000.xml,0.01
genie/v2ndonly_nu_n_job_100GeV_8/events.gst.root,CCNONDIS,25000,100,14,1000000010,genie/splines/faser/14_n_cc_e8000.xml,0.01
genie/v2ndonly_nu_p_job_100GeV_1/events.gst.root,CCNONDIS,25000,100,14,1000010010,genie/splines/faser/14_p_cc_e8000.xml,0.01
genie/v2ndonly_nu_p_job_100GeV_2/events.gst.root,CCNONDIS,25000,100,14,1000010010,genie/splines/faser/14_p_cc_e8000.xml,0.01
genie/v2ndonly_nu_p_job_100GeV_3/events.gst.root,CCNONDIS,25000,100,14,1000010010,genie/splines/faser/14_p_cc_e8000.xml,0.01
genie/v2ndonly_nu_p_job_100GeV_4/events.gst.root,CCNONDIS,25000,100,14,1000010010,genie/splines/faser/14_p_cc_e8000.xml,0.01
genie/v2ndonly_nu_p_job_100GeV_5/events.gst.root,CCNONDIS,25000,100,14,1000010010,genie/splines/faser/14_p_cc_e8000.xml,0.01
genie/v2ndonly_nu_p_job_100GeV_6/events.gst.root,CCNONDIS,25000,100,14,1000010010,genie/splines/faser/14_p_cc_e8000.xml,0.01
genie/v2ndonly_nu_p_job_100GeV_7/events.gst.root,CCNONDIS,25000,100,14,1000010010,genie/splines/faser/14_p_cc_e8000.xml,0.01
genie/v2ndonly_nu_p_job_100GeV_8/events.gst.root,CCNONDIS,25000,100,14,1000010010,genie/splines/faser/14_p_cc_e8000.xml,0.01
